fipscounty,state,msa,msaname,y2017
01001,AL,5240,"MONTGOMERY, AL",2017
01003,AL,5160,"MOBILE, AL",2017
01009,AL,1000,"BIRMINGHAM, AL",2017
01015,AL,0450,"ANNISTON,AL",2017
01033,AL,2650,"FLORENCE, AL",2017
01045,AL,2180,"DOTHAN, AL",2017
01051,AL,5240,"MONTGOMERY, AL",2017
01055,AL,2880,"GADSDEN, AL",2017
01069,AL,2180,"DOTHAN, AL",2017
01073,AL,1000,"BIRMINGHAM, AL",2017
01077,AL,2650,"FLORENCE, AL",2017
01079,AL,2030,"DECATUR, AL",2017
01081,AL,0580,"AUBURN-OPELIKA, AL",2017
01083,AL,3440,"HUNTSVILLE, AL",2017
01089,AL,3440,"HUNTSVILLE, AL",2017
01097,AL,5160,"MOBILE, AL",2017
01101,AL,5240,"MONTGOMERY, AL",2017
01103,AL,2030,"DECATUR, AL",2017
01113,AL,1800,"COLUMBUS, GA-AL",2017
01115,AL,1000,"BIRMINGHAM, AL",2017
01117,AL,1000,"BIRMINGHAM, AL",2017
01125,AL,8600,"TUSCALOOSA, AL",2017
04005,AZ,2620,"FLAGSTAFF, ARIZONA-UTAH",2017
04013,AZ,6200,"PHOENIX-MESA, AZ",2017
04015,AZ,4120,"LAS VEGAS, NV-AZ",2017
04019,AZ,8520,"TUCSON, AZ",2017
04021,AZ,6200,"PHOENIX-MESA, AZ",2017
04027,AZ,9360,"YUMA, AZ",2017
05007,AR,2580,"FAYETTEVILLE-SPRINGDALE-ROGERS, AR",2017
05031,AR,3700,"JONESBORO, AR",2017
05033,AR,2720,"FORT SMITH, AR-OK",2017
05035,AR,4920,"MEMPHIS, TN-AR-MS",2017
05045,AR,4400,"LITTLE ROCK-NORTH LITTLE ROCK, AR",2017
05069,AR,6240,"PINE BLUFF, AR",2017
05085,AR,4400,"LITTLE ROCK-NORTH LITTLE ROCK, AR",2017
05091,AR,8360,"TEXARKANA, TX-TEXARKANA, AR",2017
05119,AR,4400,"LITTLE ROCK-NORTH LITTLE ROCK, AR",2017
05125,AR,4400,"LITTLE ROCK-NORTH LITTLE ROCK, AR",2017
05131,AR,2720,"FORT SMITH, AR-OK",2017
05143,AR,2580,"FAYETTEVILLE-SPRINGDALE-ROGERS, AR",2017
06001,CA,5775,"OAKLAND, CA",2017
06007,CA,1620,"CHICO-PARADISE, CA",2017
06013,CA,5775,"OAKLAND, CA",2017
06017,CA,6920,"SACRAMENTO, CA",2017
06019,CA,2840,"FRESNO, CA",2017
06029,CA,0680,"BAKERSFIELD, CA",2017
06037,CA,4480,"LOS ANGELES-LONG BEACH, CA",2017
06037,CA,4480,"LOS ANGELES-LONG BEACH, CA",2017
06039,CA,2840,"FRESNO, CA",2017
06041,CA,7360,"SAN FRANCISCO, CA",2017
06047,CA,4940,"MERCED, CA",2017
06053,CA,7120,"SALINAS, CA",2017
06055,CA,8720,"VALLEJO-FARIFIELD-NAPA, CA",2017
06059,CA,5945,"ORANGE COUNTY, CA",2017
06061,CA,6920,"SACRAMENTO, CA",2017
06065,CA,6780,"RIVERSIDE-SAN BERNADINO, CA",2017
06067,CA,6920,"SACRAMENTO, CA",2017
06071,CA,6780,"RIVERSIDE-SAN BERNADINO, CA",2017
06073,CA,7320,"SAN DIEGO, CA",2017
06075,CA,7360,"SAN FRANCISCO, CA",2017
06077,CA,8120,"STOCKTON-LODI, CA",2017
06079,CA,7460,"SAN LUIS OBISPO-ATASCADERO-PASO ROBLES, CA",2017
06081,CA,7360,"SAN FRANCISCO, CA",2017
06083,CA,7480,"SANTA BARBARA-SANTA MARIA-LOMPOC, CA",2017
06085,CA,7400,"SAN JOSE, CA",2017
06087,CA,7485,"SANTA CRUZ-WATSONVILLE, CA",2017
06089,CA,6690,"REDDING, CA",2017
06095,CA,8720,"VALLEJO-FARIFIELD-NAPA, CA",2017
06097,CA,7500,"SANTA ROSA, CA",2017
06099,CA,5170,"MODESTO, CA",2017
06101,CA,9340,"YUBA CITY, CA",2017
06107,CA,8780,"VISALIA-TULARE-PORTERVILLE, CA",2017
06111,CA,8735,"VENTURA, CA",2017
06113,CA,9270,"YOLO, CA",2017
06115,CA,9340,"YUBA CITY, CA",2017
08001,CO,2080,"DENVER, CO",2017
08005,CO,2080,"DENVER, CO",2017
08013,CO,1125,"BOULDER-LONGMONT, CO",2017
08014,CO,2080,"DENVER, CO",2017
08031,CO,2080,"DENVER, CO",2017
08035,CO,2080,"DENVER, CO",2017
08041,CO,1720,"COLORADO SPRINGS,  CO",2017
08059,CO,2080,"DENVER, CO",2017
08069,CO,2670,"FORT COLLINS-LOVELAND, CO",2017
08077,CO,2995,"GRAND JUNCTION, CO",2017
08101,CO,6560,"PUEBLO, CO",2017
08123,CO,3060,"GREELEY, CO",2017
09001,CT,5483,NEW HAVEN-BRIDGEPORT-STAMFORD-WATERBURY-DANBU,2017
09003,CT,3283,"HARTFORD, CT",2017
09005,CT,3283,"HARTFORD, CT",2017
09007,CT,3283,"HARTFORD, CT",2017
09009,CT,5483,NEW HAVEN-BRIDGEPORT-STAMFORD-WATERBURY-DANBU,2017
09011,CT,5523,"NEW LONDON-NORWICH, CT",2017
09013,CT,3283,"HARTFORD, CT",2017
10001,DE,2190,"DOVER, DE",2017
10003,DE,9160,"WILMINGTON-NEWARK, DE-MD",2017
11001,DC,8840,"WASHINGTON, DC-MD-VA-WV",2017
12001,FL,2900,"GAINESVILLE, FL",2017
12005,FL,6015,"PANAMA CITY, FL",2017
12009,FL,4900,"MELBOURNE-TITUSVILLE-PALM BAY, FL",2017
12011,FL,2680,"FORT LAUDERDALE, FL",2017
12015,FL,6580,"PUNTA GORDA, FL",2017
12019,FL,3600,"JACKSONVILLE, FL",2017
12021,FL,5345,"NAPLES, FL",2017
12031,FL,3600,"JACKSONVILLE, FL",2017
12033,FL,6080,"PENSACOLA, FL",2017
12035,FL,2020,"DAYTONA BEACH, FL",2017
12039,FL,8240,"TALLAHASSEE, FL",2017
12053,FL,8280,"TAMPA-ST. PETERSBURG-CLEARWATER, FL",2017
12057,FL,8280,"TAMPA-ST. PETERSBURG-CLEARWATER, FL",2017
12069,FL,5960,"ORLANDO, FL",2017
12071,FL,2700,"FORT MYERS-CAPE CORAL, FL",2017
12073,FL,8240,"TALLAHASSEE, FL",2017
12081,FL,7510,"SARASOTA-BRADENTON, FL",2017
12083,FL,5790,"OCALA, FL",2017
12085,FL,2710,"FORT PIERCE-PORT ST. LUCIE, FL",2017
12086,FL,5000,"MIAMI, FL",2017
12089,FL,3600,"JACKSONVILLE, FL",2017
12091,FL,2750,"FORT WALTON BEACH, FL",2017
12095,FL,5960,"ORLANDO, FL",2017
12097,FL,5960,"ORLANDO, FL",2017
12099,FL,8960,"WEST PALM BEACH-BOCA RATON, FL",2017
12101,FL,8280,"TAMPA-ST. PETERSBURG-CLEARWATER, FL",2017
12103,FL,8280,"TAMPA-ST. PETERSBURG-CLEARWATER, FL",2017
12105,FL,3980,"LAKELAND-WINTER HAVEN, FL",2017
12109,FL,3600,"JACKSONVILLE, FL",2017
12111,FL,2710,"FORT PIERCE-PORT ST. LUCIE, FL",2017
12113,FL,6080,"PENSACOLA, FL",2017
12115,FL,7510,"SARASOTA-BRADENTON, FL",2017
12117,FL,5960,"ORLANDO, FL",2017
12127,FL,2020,"DAYTONA BEACH, FL",2017
13013,GA,0520,"ATLANTA, GA",2017
13015,GA,0520,"ATLANTA, GA",2017
13021,GA,4680,"MACON, GA",2017
13029,GA,7520,"SAVANNAH, GA",2017
13045,GA,0520,"ATLANTA, GA",2017
13047,GA,1560,"CHATTANOOGA, TN-GA",2017
13051,GA,7520,"SAVANNAH, GA",2017
13053,GA,1800,"COLUMBUS, GA-AL",2017
13057,GA,0520,"ATLANTA, GA",2017
13059,GA,0500,"ATHENS, GA",2017
13063,GA,0520,"ATLANTA, GA",2017
13067,GA,0520,"ATLANTA, GA",2017
13073,GA,0600,"AUGUSTA-AIKEN, GA-SC",2017
13077,GA,0520,"ATLANTA, GA",2017
13083,GA,1560,"CHATTANOOGA, TN-GA",2017
13089,GA,0520,"ATLANTA, GA",2017
13095,GA,0120,"ALBANY, GA",2017
13097,GA,0520,"ATLANTA, GA",2017
13103,GA,7520,"SAVANNAH, GA",2017
13113,GA,0520,"ATLANTA, GA",2017
13117,GA,0520,"ATLANTA, GA",2017
13121,GA,0520,"ATLANTA, GA",2017
13135,GA,0520,"ATLANTA, GA",2017
13145,GA,1800,"COLUMBUS, GA-AL",2017
13151,GA,0520,"ATLANTA, GA",2017
13153,GA,4680,"MACON, GA",2017
13169,GA,4680,"MACON, GA",2017
13177,GA,0120,"ALBANY, GA",2017
13189,GA,0600,"AUGUSTA-AIKEN, GA-SC",2017
13195,GA,0500,"ATHENS, GA",2017
13215,GA,1800,"COLUMBUS, GA-AL",2017
13217,GA,0520,"ATLANTA, GA",2017
13219,GA,0500,"ATHENS, GA",2017
13223,GA,0520,"ATLANTA, GA",2017
13225,GA,4680,"MACON, GA",2017
13227,GA,0520,"ATLANTA, GA",2017
13245,GA,0600,"AUGUSTA-AIKEN, GA-SC",2017
13247,GA,0520,"ATLANTA, GA",2017
13255,GA,0520,"ATLANTA, GA",2017
13289,GA,4680,"MACON, GA",2017
13295,GA,1560,"CHATTANOOGA, TN-GA",2017
13297,GA,0520,"ATLANTA, GA",2017
16001,ID,1080,"BOISE CITY, ID",2017
16005,ID,6340,"POCATELLO, ID",2017
16027,ID,1080,"BOISE CITY, ID",2017
17007,IL,6880,"ROCKFORD, IL",2017
17019,IL,1400,"CHAMPAIGN-URBANA, IL",2017
17027,IL,7040,"ST. LOUIS, MO-IL",2017
17031,IL,1600,"CHICAGO, IL",2017
17037,IL,1600,"CHICAGO, IL",2017
17043,IL,1600,"CHICAGO, IL",2017
17063,IL,1600,"CHICAGO, IL",2017
17073,IL,1960,"DAVENPORT-ROCK ISLAND-MOLINE, IA-IL",2017
17083,IL,7040,"ST. LOUIS, MO-IL",2017
17089,IL,1600,"CHICAGO, IL",2017
17091,IL,3740,"KANKAKEE, IL",2017
17093,IL,1600,"CHICAGO, IL",2017
17097,IL,1600,"CHICAGO, IL",2017
17111,IL,1600,"CHICAGO, IL",2017
17113,IL,1040,"BLOOMINGTON-NORMAL, IL",2017
17115,IL,2040,"DECATUR, IL",2017
17119,IL,7040,"ST. LOUIS, MO-IL",2017
17129,IL,7880,"SPRINGFIELD, IL",2017
17133,IL,7040,"ST. LOUIS, MO-IL",2017
17141,IL,6880,"ROCKFORD, IL",2017
17143,IL,6120,"PEORIA-PEKIN, IL",2017
17161,IL,1960,"DAVENPORT-ROCK ISLAND-MOLINE, IA-IL",2017
17163,IL,7040,"ST. LOUIS, MO-IL",2017
17167,IL,7880,"SPRINGFIELD, IL",2017
17179,IL,6120,"PEORIA-PEKIN, IL",2017
17197,IL,1600,"CHICAGO, IL",2017
17201,IL,6880,"ROCKFORD, IL",2017
17203,IL,6120,"PEORIA-PEKIN, IL",2017
18001,IN,2760,"FORT WAYNE, IN",2017
18003,IN,2760,"FORT WAYNE, IN",2017
18011,IN,3480,"INDIANAPOLIS, IN",2017
18019,IN,4520,"LOUISVILLE, KY-IN",2017
18021,IN,8320,"TERRE HAUTE, IN",2017
18023,IN,3920,"LAFAYETTE, IN",2017
18029,IN,1640,"CINCINNATI, OH-KY-IN",2017
18033,IN,2760,"FORT WAYNE, IN",2017
18035,IN,5280,"MUNCIE, IN",2017
18039,IN,2330,"ELKHART-GOSHEN, IN",2017
18043,IN,4520,"LOUISVILLE, KY-IN",2017
18057,IN,3480,"INDIANAPOLIS, IN",2017
18059,IN,3480,"INDIANAPOLIS, IN",2017
18061,IN,4520,"LOUISVILLE, KY-IN",2017
18063,IN,3480,"INDIANAPOLIS, IN",2017
18067,IN,3850,"KOKOMO, IN",2017
18069,IN,2760,"FORT WAYNE, IN",2017
18081,IN,3480,"INDIANAPOLIS, IN",2017
18089,IN,2960,"GARY, IN",2017
18095,IN,3480,"INDIANAPOLIS, IN",2017
18097,IN,3480,"INDIANAPOLIS, IN",2017
18105,IN,1020,"BLOOMINGTON, IN",2017
18109,IN,3480,"INDIANAPOLIS, IN",2017
18115,IN,1640,"CINCINNATI, OH-KY-IN",2017
18127,IN,2960,"GARY, IN",2017
18129,IN,2440,"EVANSVILLE-HENDERSON, IN-KY",2017
18141,IN,7800,"SOUTH BEND, IN",2017
18143,IN,4520,"LOUISVILLE, KY-IN",2017
18145,IN,3480,"INDIANAPOLIS, IN",2017
18157,IN,3920,"LAFAYETTE, IN",2017
18159,IN,3850,"KOKOMO, IN",2017
18163,IN,2440,"EVANSVILLE-HENDERSON, IN-KY",2017
18165,IN,8320,"TERRE HAUTE, IN",2017
18167,IN,8320,"TERRE HAUTE, IN",2017
18173,IN,2440,"EVANSVILLE-HENDERSON, IN-KY",2017
18179,IN,2760,"FORT WAYNE, IN",2017
18183,IN,2760,"FORT WAYNE, IN",2017
19013,IA,8920,"WATERLOO-CEDAR FALLS, IA",2017
19049,IA,2120,"DES MOINES, IA",2017
19061,IA,2200,"DUBUQUE, IA",2017
19103,IA,3500,"IOWA CITY, IA",2017
19113,IA,1360,"CEDAR RAPIDS, IA",2017
19153,IA,2120,"DES MOINES, IA",2017
19155,IA,5920,"OMAHA, NE-IA",2017
19163,IA,1960,"DAVENPORT-ROCK ISLAND-MOLINE, IA-IL",2017
19181,IA,2120,"DES MOINES, IA",2017
19193,IA,7720,"SIOUX CITY, IA-NE",2017
20015,KS,9040,"WICHITA, KS",2017
20045,KS,4150,"LAWRENCE, KS",2017
20079,KS,9040,"WICHITA, KS",2017
20091,KS,3760,"KANSAS CITY, MO-KS",2017
20103,KS,3760,"KANSAS CITY, MO-KS",2017
20121,KS,3760,"KANSAS CITY, MO-KS",2017
20173,KS,9040,"WICHITA, KS",2017
20177,KS,8440,"TOPEKA, KS",2017
20209,KS,3760,"KANSAS CITY, MO-KS",2017
21015,KY,1640,"CINCINNATI, OH-KY-IN",2017
21017,KY,4280,"LEXINGTON, KY",2017
21019,KY,3400,"HUNTINGTON-ASHLAND, WV-KY-OH",2017
21029,KY,4520,"LOUISVILLE, KY-IN",2017
21037,KY,1640,"CINCINNATI, OH-KY-IN",2017
21043,KY,3400,"HUNTINGTON-ASHLAND, WV-KY-OH",2017
21047,KY,1660,"CLARKSVILLE-HOPKINSVILLE, TN-KY",2017
21049,KY,4280,"LEXINGTON, KY",2017
21059,KY,5990,"OWENSBORO, KY",2017
21067,KY,4280,"LEXINGTON, KY",2017
21077,KY,1640,"CINCINNATI, OH-KY-IN",2017
21081,KY,1640,"CINCINNATI, OH-KY-IN",2017
21089,KY,3400,"HUNTINGTON-ASHLAND, WV-KY-OH",2017
21101,KY,2440,"EVANSVILLE-HENDERSON, IN-KY",2017
21111,KY,4520,"LOUISVILLE, KY-IN",2017
21113,KY,4280,"LEXINGTON, KY",2017
21117,KY,1640,"CINCINNATI, OH-KY-IN",2017
21151,KY,4280,"LEXINGTON, KY",2017
21185,KY,4520,"LOUISVILLE, KY-IN",2017
21191,KY,1640,"CINCINNATI, OH-KY-IN",2017
21209,KY,4280,"LEXINGTON, KY",2017
21239,KY,4280,"LEXINGTON, KY",2017
22001,LA,3880,"LAFAYETTE, LA",2017
22005,LA,0760,"BATON ROUGE, LA",2017
22015,LA,7680,"SHREVEPORT-BOSSIER CITY, LA",2017
22017,LA,7680,"SHREVEPORT-BOSSIER CITY, LA",2017
22019,LA,3960,"LAKE CHARLES, LA",2017
22033,LA,0760,"BATON ROUGE, LA",2017
22051,LA,5560,"NEW ORLEANS, LA",2017
22055,LA,3880,"LAFAYETTE, LA",2017
22057,LA,3350,"HOUMA, LA",2017
22063,LA,0760,"BATON ROUGE, LA",2017
22071,LA,5560,"NEW ORLEANS, LA",2017
22073,LA,5200,"MONROE, LA",2017
22075,LA,5560,"NEW ORLEANS, LA",2017
22079,LA,0220,"ALEXANDRIA, LA",2017
22087,LA,5560,"NEW ORLEANS, LA",2017
22089,LA,5560,"NEW ORLEANS, LA",2017
22093,LA,5560,"NEW ORLEANS, LA",2017
22095,LA,5560,"NEW ORLEANS, LA",2017
22097,LA,3880,"LAFAYETTE, LA",2017
22099,LA,3880,"LAFAYETTE, LA",2017
22103,LA,5560,"NEW ORLEANS, LA",2017
22109,LA,3350,"HOUMA, LA",2017
22119,LA,7680,"SHREVEPORT-BOSSIER CITY, LA",2017
22121,LA,0760,"BATON ROUGE, LA",2017
23001,ME,4243,"LEWISTON-AUBURN, ME",2017
23005,ME,6403,"PORTLAND, ME",2017
23019,ME,0733,"BANGOR, ME",2017
23023,ME,6403,"PORTLAND, ME",2017
23031,ME,6403,"PORTLAND, ME",2017
24001,MD,1900,"CUMBERLAND, MD-WV",2017
24003,MD,0720,"BALTIMORE, MD",2017
24005,MD,0720,"BALTIMORE, MD",2017
24009,MD,8840,"WASHINGTON, DC-MD-VA-WV",2017
24013,MD,0720,"BALTIMORE, MD",2017
24015,MD,9160,"WILMINGTON-NEWARK, DE-MD",2017
24017,MD,8840,"WASHINGTON, DC-MD-VA-WV",2017
24021,MD,8840,"WASHINGTON, DC-MD-VA-WV",2017
24025,MD,0720,"BALTIMORE, MD",2017
24027,MD,0720,"BALTIMORE, MD",2017
24031,MD,8840,"WASHINGTON, DC-MD-VA-WV",2017
24033,MD,8840,"WASHINGTON, DC-MD-VA-WV",2017
24035,MD,0720,"BALTIMORE, MD",2017
24043,MD,3180,"HAGERSTOWN, MD",2017
24510,MD,0720,"BALTIMORE, MD",2017
25001,MA,0743,"BARNSTABLE-YARMOUTH, MA",2017
25003,MA,6323,"PITTSFIELD, MA",2017
25005,MA,1123,"BOSTON-WORCESTER-LAWRENCE-LOWELL-BROCKTON, MA",2017
25009,MA,1123,"BOSTON-WORCESTER-LAWRENCE-LOWELL-BROCKTON, MA",2017
25013,MA,8003,"SPRINGFIELD, MA",2017
25015,MA,8003,"SPRINGFIELD, MA",2017
25017,MA,1123,"BOSTON-WORCESTER-LAWRENCE-LOWELL-BROCKTON, MA",2017
25021,MA,1123,"BOSTON-WORCESTER-LAWRENCE-LOWELL-BROCKTON, MA",2017
25023,MA,1123,"BOSTON-WORCESTER-LAWRENCE-LOWELL-BROCKTON, MA",2017
25025,MA,1123,"BOSTON-WORCESTER-LAWRENCE-LOWELL-BROCKTON, MA",2017
25027,MA,1123,"BOSTON-WORCESTER-LAWRENCE-LOWELL-BROCKTON, MA",2017
26005,MI,3000,"GRAND RAPIDS-MUSKEGON-HOLLAND, MI",2017
26017,MI,6960,"SAGINAW-BAY CITY-MIDLAND, MI",2017
26021,MI,0870,"BENTON HARBOR, MI",2017
26025,MI,3720,"KALAMAZOO-BATTLE CREEK, MI",2017
26037,MI,4040,"LANSING-EAST LANSING, MI",2017
26045,MI,4040,"LANSING-EAST LANSING, MI",2017
26049,MI,2640,"FLINT, MI",2017
26065,MI,4040,"LANSING-EAST LANSING, MI",2017
26075,MI,3520,"JACKSON, MI",2017
26077,MI,3720,"KALAMAZOO-BATTLE CREEK, MI",2017
26081,MI,3000,"GRAND RAPIDS-MUSKEGON-HOLLAND, MI",2017
26087,MI,2160,"DETROIT, MI",2017
26091,MI,0440,"ANN ARBOR, MI",2017
26093,MI,0440,"ANN ARBOR, MI",2017
26099,MI,2160,"DETROIT, MI",2017
26111,MI,6960,"SAGINAW-BAY CITY-MIDLAND, MI",2017
26115,MI,2160,"DETROIT, MI",2017
26121,MI,3000,"GRAND RAPIDS-MUSKEGON-HOLLAND, MI",2017
26125,MI,2160,"DETROIT, MI",2017
26139,MI,3000,"GRAND RAPIDS-MUSKEGON-HOLLAND, MI",2017
26145,MI,6960,"SAGINAW-BAY CITY-MIDLAND, MI",2017
26147,MI,2160,"DETROIT, MI",2017
26159,MI,3720,"KALAMAZOO-BATTLE CREEK, MI",2017
26161,MI,0440,"ANN ARBOR, MI",2017
26163,MI,2160,"DETROIT, MI",2017
27003,MN,5120,"MINNEAPOLIS-ST. PAUL, MN-WI",2017
27009,MN,6980,"ST. CLOUD, MN",2017
27019,MN,5120,"MINNEAPOLIS-ST. PAUL, MN-WI",2017
27025,MN,5120,"MINNEAPOLIS-ST. PAUL, MN-WI",2017
27027,MN,2520,"FARGO-MOORHEAD, ND-MN",2017
27037,MN,5120,"MINNEAPOLIS-ST. PAUL, MN-WI",2017
27053,MN,5120,"MINNEAPOLIS-ST. PAUL, MN-WI",2017
27055,MN,3870,"LA CROSSE, WI-MN",2017
27059,MN,5120,"MINNEAPOLIS-ST. PAUL, MN-WI",2017
27109,MN,6820,"ROCHESTER, MN",2017
27119,MN,2985,"GRAND FORKS, ND-MN",2017
27123,MN,5120,"MINNEAPOLIS-ST. PAUL, MN-WI",2017
27137,MN,2240,"DULUTH-SUPERIOR, MN-WI",2017
27139,MN,5120,"MINNEAPOLIS-ST. PAUL, MN-WI",2017
27141,MN,5120,"MINNEAPOLIS-ST. PAUL, MN-WI",2017
27145,MN,6980,"ST. CLOUD, MN",2017
27163,MN,5120,"MINNEAPOLIS-ST. PAUL, MN-WI",2017
27171,MN,5120,"MINNEAPOLIS-ST. PAUL, MN-WI",2017
28033,MS,4920,"MEMPHIS, TN-AR-MS",2017
28035,MS,3285,"HATTIESBURG, MS",2017
28045,MS,0920,"BILOXI-GULFPORT-PASCAGOULA, MS",2017
28047,MS,0920,"BILOXI-GULFPORT-PASCAGOULA, MS",2017
28049,MS,3560,"JACKSON, MS",2017
28059,MS,0920,"BILOXI-GULFPORT-PASCAGOULA, MS",2017
28073,MS,3285,"HATTIESBURG, MS",2017
28089,MS,3560,"JACKSON, MS",2017
28121,MS,3560,"JACKSON, MS",2017
29003,MO,7000,"ST. JOSEPH, MO",2017
29019,MO,1740,"COLUMBIA, MO",2017
29021,MO,7000,"ST. JOSEPH, MO",2017
29037,MO,3760,"KANSAS CITY, MO-KS",2017
29043,MO,7920,"SPRINGFIELD, MO",2017
29047,MO,3760,"KANSAS CITY, MO-KS",2017
29049,MO,3760,"KANSAS CITY, MO-KS",2017
29071,MO,7040,"ST. LOUIS, MO-IL",2017
29077,MO,7920,"SPRINGFIELD, MO",2017
29095,MO,3760,"KANSAS CITY, MO-KS",2017
29097,MO,3710,"JOPLIN, MO",2017
29099,MO,7040,"ST. LOUIS, MO-IL",2017
29107,MO,3760,"KANSAS CITY, MO-KS",2017
29113,MO,7040,"ST. LOUIS, MO-IL",2017
29145,MO,3710,"JOPLIN, MO",2017
29165,MO,3760,"KANSAS CITY, MO-KS",2017
29177,MO,3760,"KANSAS CITY, MO-KS",2017
29183,MO,7040,"ST. LOUIS, MO-IL",2017
29189,MO,7040,"ST. LOUIS, MO-IL",2017
29219,MO,7040,"ST. LOUIS, MO-IL",2017
29225,MO,7920,"SPRINGFIELD, MO",2017
29510,MO,7040,"ST. LOUIS, MO-IL",2017
30013,MT,3040,"GREAT FALLS, MT",2017
30063,MT,5140,"MISSOULA, MT",2017
30111,MT,0880,"BILLINGS, MT",2017
31025,NE,5920,"OMAHA, NE-IA",2017
31043,NE,7720,"SIOUX CITY, IA-NE",2017
31055,NE,5920,"OMAHA, NE-IA",2017
31109,NE,4360,"LINCOLN, NE",2017
31153,NE,5920,"OMAHA, NE-IA",2017
31177,NE,5920,"OMAHA, NE-IA",2017
32003,NV,4120,"LAS VEGAS, NV-AZ",2017
32023,NV,4120,"LAS VEGAS, NV-AZ",2017
32031,NV,6720,"RENO, NV",2017
33011,NH,1123,"BOSTON-WORCESTER-LAWRENCE-LOWELL-BROCKTON, MA",2017
33013,NH,1123,"BOSTON-WORCESTER-LAWRENCE-LOWELL-BROCKTON, MA-NH",2017
33015,NH,1123,"BOSTON-WORCESTER-LAWRENCE-LOWELL-BROCKTON, MA",2017
33017,NH,1123,"BOSTON-WORCESTER-LAWRENCE-LOWELL-BROCKTON, MA",2017
34001,NJ,0560,"ATLANTIC-CAPE MAY, NJ",2017
34003,NJ,0875,"BERGEN-PASSAIC, NJ",2017
34005,NJ,6160,"PHILADELPHIA, PA-NJ",2017
34007,NJ,6160,"PHILADELPHIA, PA-NJ",2017
34009,NJ,0560,"ATLANTIC-CAPE MAY, NJ",2017
34011,NJ,8760,"VINELAND-MILLVILLE-BRIDGETON, NJ",2017
34013,NJ,5640,"NEWARK, NJ",2017
34015,NJ,6160,"PHILADELPHIA, PA-NJ",2017
34017,NJ,3640,"JERSEY CITY, NJ",2017
34019,NJ,5015,"MIDDLESEX-SOMERSET-HUNTERDON, N",2017
34021,NJ,8480,"TRENTON, NJ",2017
34023,NJ,5015,"MIDDLESEX-SOMERSET-HUNTERDON, N",2017
34025,NJ,5190,"MONMOUTH-OCEAN, NJ",2017
34027,NJ,5640,"NEWARK, NJ",2017
34029,NJ,5190,"MONMOUTH-OCEAN, NJ",2017
34031,NJ,0875,"BERGEN-PASSAIC, NJ",2017
34033,NJ,6160,"PHILADELPHIA, PA-NJ",2017
34035,NJ,5015,"MIDDLESEX-SOMERSET-HUNTERDON, N",2017
34037,NJ,5640,"NEWARK, NJ",2017
34039,NJ,5640,"NEWARK, NJ",2017
34041,NJ,5640,"NEWARK, NJ",2017
35001,NM,0200,"ALBUQUERQUE, NM",2017
35013,NM,4100,"LAS CRUCES, NM",2017
35028,NM,7490,"SANTA FE, NM",2017
35043,NM,0200,"ALBUQUERQUE, NM",2017
35049,NM,7490,"SANTA FE, NM",2017
35061,NM,0200,"ALBUQUERQUE, NM",2017
36001,NY,0160,"ALBANY-SCHENECTADY-TROY, NY",2017
36005,NY,5600,"NEW YORK-NEWARK, NY-NJ-PA",2017
36007,NY,0960,"BINGHAMTON, NY",2017
36011,NY,8160,"SYRACUSE, NY",2017
36013,NY,3610,"JAMESTOWN, NY",2017
36015,NY,2335,"ELMIRA, NY",2017
36027,NY,2281,"DUTCHESS COUNTY, NY",2017
36029,NY,1280,"BUFFALO-NIAGARA FALLS, NY",2017
36037,NY,6840,"ROCHESTER, NY",2017
36043,NY,8680,"UTICA-ROME, NY",2017
36047,NY,5600,"NEW YORK-NEWARK, NY-NJ-PA",2017
36051,NY,6840,"ROCHESTER, NY",2017
36053,NY,8160,"SYRACUSE, NY",2017
36055,NY,6840,"ROCHESTER, NY",2017
36057,NY,0160,"ALBANY-SCHENECTADY-TROY, NY",2017
36059,NY,5380,"NASSAU-SUFFOLK, NY",2017
36061,NY,5600,"NEW YORK-NEWARK, NY-NJ-PA",2017
36063,NY,1280,"BUFFALO-NIAGARA FALLS, NY",2017
36065,NY,8680,"UTICA-ROME, NY",2017
36067,NY,8160,"SYRACUSE, NY",2017
36069,NY,6840,"ROCHESTER, NY",2017
36071,NY,5660,"NEWBURGH, NY-PA",2017
36073,NY,6840,"ROCHESTER, NY",2017
36075,NY,8160,"SYRACUSE, NY",2017
36079,NY,5600,"NEW YORK-NEWARK, NY-NJ-PA",2017
36081,NY,5600,"NEW YORK-NEWARK, NY-NJ-PA",2017
36083,NY,0160,"ALBANY-SCHENECTADY-TROY, NY",2017
36085,NY,5600,"NEW YORK-NEWARK, NY-NJ-PA",2017
36087,NY,5600,"NEW YORK-NEWARK, NY-NJ-PA",2017
36091,NY,0160,"ALBANY-SCHENECTADY-TROY, NY",2017
36093,NY,0160,"ALBANY-SCHENECTADY-TROY, NY",2017
36095,NY,0160,"ALBANY-SCHENECTADY-TROY, NY",2017
36103,NY,5380,"NASSAU-SUFFOLK, NY",2017
36107,NY,0960,"BINGHAMTON, NY",2017
36113,NY,2975,"GLENS FALLS, NY",2017
36115,NY,2975,"GLENS FALLS, NY",2017
36117,NY,6840,"ROCHESTER, NY",2017
36119,NY,5600,"NEW YORK-NEWARK, NY-NJ-PA",2017
37001,NC,3120,"GREENSBORO--WINSTON-SALEM--HIGH POINT, NC",2017
37003,NC,3290,"HICKORY-MORGANTON-LENOIR, NC",2017
37019,NC,9200,"WILMINGTON, NC",2017
37021,NC,0480,"ASHEVILLE, NC",2017
37023,NC,3290,"HICKORY-MORGANTON-LENOIR, NC",2017
37025,NC,1520,"CHARLOTTE-GASTONIA-ROCK HILL, NC-SC",2017
37027,NC,3290,"HICKORY-MORGANTON-LENOIR, NC",2017
37035,NC,3290,"HICKORY-MORGANTON-LENOIR, NC",2017
37037,NC,6640,"RALEIGH-DURHAM-CHAPEL HILL, NC",2017
37051,NC,2560,"FAYETTEVILLE, NC",2017
37053,NC,5720,"NORFOLK-VIRGINIA BEACH-NEWPORT NEWS, VA-NC",2017
37057,NC,3120,"GREENSBORO--WINSTON-SALEM--HIGH POINT, NC",2017
37059,NC,3120,"GREENSBORO--WINSTON-SALEM--HIGH POINT, NC",2017
37063,NC,6640,"RALEIGH-DURHAM-CHAPEL HILL, NC",2017
37065,NC,6895,"ROCKY MOUNT, NC",2017
37067,NC,3120,"GREENSBORO--WINSTON-SALEM--HIGH POINT, NC",2017
37069,NC,6640,"RALEIGH-DURHAM-CHAPEL HILL, NC",2017
37071,NC,1520,"CHARLOTTE-GASTONIA-ROCK HILL, NC-SC",2017
37081,NC,3120,"GREENSBORO--WINSTON-SALEM--HIGH POINT, NC",2017
37101,NC,6640,"RALEIGH-DURHAM-CHAPEL HILL, NC",2017
37109,NC,1520,"CHARLOTTE-GASTONIA-ROCK HILL, NC-SC",2017
37115,NC,0480,"ASHEVILLE, NC",2017
37119,NC,1520,"CHARLOTTE-GASTONIA-ROCK HILL, NC-SC",2017
37127,NC,6895,"ROCKY MOUNT, NC",2017
37129,NC,9200,"WILMINGTON, NC",2017
37133,NC,3605,"JACKSONVILLE, NC",2017
37135,NC,6640,"RALEIGH-DURHAM-CHAPEL HILL, NC",2017
37147,NC,3150,"GREENVILLE, NC",2017
37151,NC,3120,"GREENSBORO--WINSTON-SALEM--HIGH POINT, NC",2017
37159,NC,1520,"CHARLOTTE-GASTONIA-ROCK HILL, NC-SC",2017
37167,NC,1520,"CHARLOTTE-GASTONIA-ROCK HILL, NC-SC",2017
37169,NC,3120,"GREENSBORO--WINSTON-SALEM--HIGH POINT, NC",2017
37179,NC,1520,"CHARLOTTE-GASTONIA-ROCK HILL, NC-SC",2017
37183,NC,6640,"RALEIGH-DURHAM-CHAPEL HILL, NC",2017
37191,NC,2980,"GOLDSBORO, NC",2017
37197,NC,3120,"GREENSBORO--WINSTON-SALEM--HIGH POINT, NC",2017
38015,ND,1010,"BISMARCK, ND",2017
38017,ND,2520,"FARGO-MOORHEAD, ND-MN",2017
38035,ND,2985,"GRAND FORKS, ND-MN",2017
38059,ND,1010,"BISMARCK, ND",2017
39003,OH,4320,"LIMA, OH",2017
39007,OH,1680,"CLEVELAND-LORAIN-ELYRIA, OH",2017
39011,OH,4320,"LIMA, OH",2017
39013,OH,9000,"WHEELING, WV-OH",2017
39015,OH,1640,"CINCINNATI, OH-KY-IN",2017
39017,OH,3200,"HAMILTON-MIDDLETOWN, OH",2017
39019,OH,1320,"CANTON-MASSILLON, OH",2017
39023,OH,2000,"DAYTON-SPRINGFIELD, OH",2017
39025,OH,1640,"CINCINNATI, OH-KY-IN",2017
39029,OH,9320,"YOUNGSTOWN-WARREN, OH",2017
39033,OH,4800,"MANSFIELD, OH",2017
39035,OH,1680,"CLEVELAND-LORAIN-ELYRIA, OH",2017
39041,OH,1840,"COLUMBUS, OH",2017
39045,OH,1840,"COLUMBUS, OH",2017
39049,OH,1840,"COLUMBUS, OH",2017
39051,OH,8400,"TOLEDO, OH",2017
39055,OH,1680,"CLEVELAND-LORAIN-ELYRIA, OH",2017
39057,OH,2000,"DAYTON-SPRINGFIELD, OH",2017
39061,OH,1640,"CINCINNATI, OH-KY-IN",2017
39081,OH,8080,"STEUBENVILLE-WEIRTON, OH-WV",2017
39085,OH,1680,"CLEVELAND-LORAIN-ELYRIA, OH",2017
39087,OH,3400,"HUNTINGTON-ASHLAND, WV-KY-OH",2017
39089,OH,1840,"COLUMBUS, OH",2017
39093,OH,1680,"CLEVELAND-LORAIN-ELYRIA, OH",2017
39095,OH,8400,"TOLEDO, OH",2017
39097,OH,1840,"COLUMBUS, OH",2017
39099,OH,9320,"YOUNGSTOWN-WARREN, OH",2017
39103,OH,1680,"CLEVELAND-LORAIN-ELYRIA, OH",2017
39109,OH,2000,"DAYTON-SPRINGFIELD, OH",2017
39113,OH,2000,"DAYTON-SPRINGFIELD, OH",2017
39129,OH,1840,"COLUMBUS, OH",2017
39133,OH,0080,"AKRON, OH",2017
39139,OH,4800,"MANSFIELD, OH",2017
39151,OH,1320,"CANTON-MASSILLON, OH",2017
39153,OH,0080,"AKRON, OH",2017
39155,OH,9320,"YOUNGSTOWN-WARREN, OH",2017
39165,OH,1640,"CINCINNATI, OH-KY-IN",2017
39167,OH,6020,"PARKERSBURG-MARIETTA, WV-OH",2017
39173,OH,8400,"TOLEDO, OH",2017
40017,OK,5880,"OKLAHOMA CITY, OK",2017
40027,OK,5880,"OKLAHOMA CITY, OK",2017
40031,OK,4200,"LAWTON, OK",2017
40037,OK,8560,"TULSA, OK",2017
40047,OK,2340,"ENID, OK",2017
40083,OK,5880,"OKLAHOMA CITY, OK",2017
40087,OK,5880,"OKLAHOMA CITY, OK",2017
40109,OK,5880,"OKLAHOMA CITY, OK",2017
40113,OK,8560,"TULSA, OK",2017
40125,OK,5880,"OKLAHOMA CITY, OK",2017
40131,OK,8560,"TULSA, OK",2017
40135,OK,2720,"FORT SMITH, AR-OK",2017
40143,OK,8560,"TULSA, OK",2017
40145,OK,8560,"TULSA, OK",2017
41003,OR,1890,"CORVALLIS, OR",2017
41005,OR,6440,"PORTLAND-VANCOUVER,OR-WA",2017
41009,OR,6440,"PORTLAND-VANCOUVER,OR-WA",2017
41029,OR,4890,"MEDFORD-ASHLAND, OR",2017
41039,OR,2400,"EUGENE-SPRINGFIELD, OR",2017
41047,OR,7080,"SALEM, OR",2017
41051,OR,6440,"PORTLAND-VANCOUVER,OR-WA",2017
41053,OR,7080,"SALEM, OR",2017
41067,OR,6440,"PORTLAND-VANCOUVER,OR-WA",2017
41071,OR,6440,"PORTLAND-VANCOUVER,OR-WA",2017
42003,PA,6280,"PITTSBURGH, PA",2017
42007,PA,6280,"PITTSBURGH, PA",2017
42011,PA,6680,"READING, PA",2017
42013,PA,0280,"ALTOONA, PA",2017
42017,PA,6160,"PHILADELPHIA, PA-NJ",2017
42019,PA,6280,"PITTSBURGH, PA",2017
42021,PA,3680,"JOHNSTOWN, PA",2017
42025,PA,0240,"ALLENTOWN-BETHLEHEM-EASTON, PA",2017
42027,PA,8050,"STATE COLLEGE, PA",2017
42029,PA,6160,"PHILADELPHIA, PA-NJ",2017
42037,PA,7560,"SCRANTON-WILKES-BARRE-HAZLETON, PA",2017
42041,PA,3240,"HARRISBURG-LEBANON-CARLISLE, PA",2017
42043,PA,3240,"HARRISBURG-LEBANON-CARLISLE, PA",2017
42045,PA,6160,"PHILADELPHIA, PA-NJ",2017
42049,PA,2360,"ERIE, PA",2017
42051,PA,6280,"PITTSBURGH, PA",2017
42069,PA,7560,"SCRANTON-WILKES-BARRE-HAZLETON, PA",2017
42071,PA,4000,"LANCASTER, PA",2017
42075,PA,3240,"HARRISBURG-LEBANON-CARLISLE, PA",2017
42077,PA,0240,"ALLENTOWN-BETHLEHEM-EASTON, PA",2017
42079,PA,7560,"SCRANTON-WILKES-BARRE-HAZLETON, PA",2017
42081,PA,9140,"WILLIAMSPORT, PA",2017
42085,PA,7610,"SHARON, PA",2017
42091,PA,6160,"PHILADELPHIA, PA-NJ",2017
42095,PA,0240,"ALLENTOWN-BETHLEHEM-EASTON, PA",2017
42099,PA,3240,"HARRISBURG-LEBANON-CARLISLE, PA",2017
42101,PA,6160,"PHILADELPHIA, PA-NJ",2017
42103,PA,5660,"NEWBURGH, NY-PA",2017
42111,PA,3680,"JOHNSTOWN, PA",2017
42125,PA,6280,"PITTSBURGH, PA",2017
42129,PA,6280,"PITTSBURGH, PA",2017
42131,PA,7560,"SCRANTON-WILKES-BARRE-HAZLETON, PA",2017
42133,PA,9280,"YORK, PA",2017
44001,RI,6483,"PROVIDENCE-WARWICK-PAWTUCKET, RI",2017
44003,RI,6483,"PROVIDENCE-WARWICK-PAWTUCKET, RI",2017
44005,RI,6483,"PROVIDENCE-WARWICK-PAWTUCKET, RI",2017
44007,RI,6483,"PROVIDENCE-WARWICK-PAWTUCKET, RI",2017
44009,RI,6483,"PROVIDENCE-WARWICK-PAWTUCKET, RI",2017
44999,RI,6483,"PROVIDENCE-WARWICK-PAWTUCKET, RI",2017
45003,SC,0600,"AUGUSTA-AIKEN, GA-SC",2017
45007,SC,3160,"GREENVILLE-SPARTANBURG-ANDERSON, SC",2017
45015,SC,1440,"CHARLESTON-NORTH CHARLESTON, SC",2017
45019,SC,1440,"CHARLESTON-NORTH CHARLESTON, SC",2017
45021,SC,3160,"GREENVILLE-SPARTANBURG-ANDERSON, SC",2017
45035,SC,1440,"CHARLESTON-NORTH CHARLESTON, SC",2017
45037,SC,0600,"AUGUSTA-AIKEN, GA-SC",2017
45041,SC,2655,"FLORENCE, SC",2017
45045,SC,3160,"GREENVILLE-SPARTANBURG-ANDERSON, SC",2017
45051,SC,5330,"MYRTLE BEACH, SC",2017
45063,SC,1760,"COLUMBIA, SC",2017
45077,SC,3160,"GREENVILLE-SPARTANBURG-ANDERSON, SC",2017
45079,SC,1760,"COLUMBIA, SC",2017
45083,SC,3160,"GREENVILLE-SPARTANBURG-ANDERSON, SC",2017
45085,SC,8140,"SUMTER, SC",2017
45091,SC,1520,"CHARLOTTE-GASTONIA-ROCK HILL, NC-SC",2017
46083,SD,7760,"SIOUX FALLS, SD",2017
46099,SD,7760,"SIOUX FALLS, SD",2017
46103,SD,6660,"RAPID CITY, SD",2017
47001,TN,3840,"KNOXVILLE, TN",2017
47009,TN,3840,"KNOXVILLE, TN",2017
47019,TN,3660,"JOHNSON CITY-KINGSPORT-BRISTOL, TN-VA",2017
47021,TN,5360,"NASHVILLE, TN",2017
47023,TN,3580,"JACKSON, TN",2017
47037,TN,5360,"NASHVILLE, TN",2017
47043,TN,5360,"NASHVILLE, TN",2017
47047,TN,4920,"MEMPHIS, TN-AR-MS",2017
47065,TN,1560,"CHATTANOOGA, TN-GA",2017
47073,TN,3660,"JOHNSON CITY-KINGSPORT-BRISTOL, TN-VA",2017
47093,TN,3840,"KNOXVILLE, TN",2017
47105,TN,3840,"KNOXVILLE, TN",2017
47113,TN,3580,"JACKSON, TN",2017
47115,TN,1560,"CHATTANOOGA, TN-GA",2017
47125,TN,1660,"CLARKSVILLE-HOPKINSVILLE, TN-KY",2017
47147,TN,5360,"NASHVILLE, TN",2017
47149,TN,5360,"NASHVILLE, TN",2017
47155,TN,3840,"KNOXVILLE, TN",2017
47157,TN,4920,"MEMPHIS, TN-AR-MS",2017
47163,TN,3660,"JOHNSON CITY-KINGSPORT-BRISTOL, TN-VA",2017
47165,TN,5360,"NASHVILLE, TN",2017
47167,TN,4920,"MEMPHIS, TN-AR-MS",2017
47171,TN,3660,"JOHNSON CITY-KINGSPORT-BRISTOL, TN-VA",2017
47173,TN,3840,"KNOXVILLE, TN",2017
47179,TN,3660,"JOHNSON CITY-KINGSPORT-BRISTOL, TN-VA",2017
47187,TN,5360,"NASHVILLE, TN",2017
47189,TN,5360,"NASHVILLE, TN",2017
48009,TX,9080,"WICHITA FALLS, TX",2017
48021,TX,0640,"AUSTIN-SAN MARCOS, TX",2017
48027,TX,3810,"KILLEEN-TEMPLE, TX",2017
48029,TX,7240,"SAN ANTONIO, TX",2017
48037,TX,8360,"TEXARKANA, TX-TEXARKANA, AR",2017
48039,TX,1145,"BRAZORIA, TX",2017
48041,TX,1260,"BRYAN-COLLEGE STATION, TX",2017
48055,TX,0640,"AUSTIN-SAN MARCOS, TX",2017
48061,TX,1240,"BROWNSVILLE-HARLINGEN-SAN BENITO, TX",2017
48071,TX,3360,"HOUSTON, TX",2017
48085,TX,1920,"DALLAS, TX",2017
48091,TX,7240,"SAN ANTONIO, TX",2017
48099,TX,3810,"KILLEEN-TEMPLE, TX",2017
48113,TX,1920,"DALLAS, TX",2017
48121,TX,1920,"DALLAS, TX",2017
48135,TX,5800,"ODESSA-MIDLAND, TX",2017
48139,TX,1920,"DALLAS, TX",2017
48141,TX,2320,"EL PASO, TX",2017
48157,TX,3360,"HOUSTON, TX",2017
48167,TX,2920,"GALVESTON-TEXAS CITY, TX",2017
48181,TX,7640,"SHERMAN-DENISON, TX",2017
48183,TX,4420,"LONGVIEW-MARSHALL, TX",2017
48187,TX,7240,"SAN ANTONIO, TX",2017
48199,TX,0840,"BEAUMONT-PORT ARTHUR, TX",2017
48201,TX,3360,"HOUSTON, TX",2017
48203,TX,4420,"LONGVIEW-MARSHALL, TX",2017
48209,TX,0640,"AUSTIN-SAN MARCOS, TX",2017
48213,TX,1920,"DALLAS, TX",2017
48215,TX,4880,"MCALLEN-EDINBURG-MISSION, TX",2017
48221,TX,2800,"FORT WORTH-ARLINGTON, TX",2017
48231,TX,1920,"DALLAS, TX",2017
48245,TX,0840,"BEAUMONT-PORT ARTHUR, TX",2017
48251,TX,2800,"FORT WORTH-ARLINGTON, TX",2017
48257,TX,1920,"DALLAS, TX",2017
48291,TX,3360,"HOUSTON, TX",2017
48303,TX,4600,"LUBBOCK, TX",2017
48309,TX,8800,"WACO, TX",2017
48329,TX,5800,"ODESSA-MIDLAND, TX",2017
48339,TX,3360,"HOUSTON, TX",2017
48355,TX,1880,"CORPUS CHRISTI, TX",2017
48361,TX,0840,"BEAUMONT-PORT ARTHUR, TX",2017
48367,TX,2800,"FORT WORTH-ARLINGTON, TX",2017
48375,TX,0320,"AMARILLO, TX",2017
48381,TX,0320,"AMARILLO, TX",2017
48397,TX,1920,"DALLAS, TX",2017
48409,TX,1880,"CORPUS CHRISTI, TX",2017
48423,TX,8640,"TYLER, TX",2017
48439,TX,2800,"FORT WORTH-ARLINGTON, TX",2017
48441,TX,0040,"ABILENE, TX",2017
48451,TX,7200,"SAN ANGELO, TX",2017
48453,TX,0640,"AUSTIN-SAN MARCOS, TX",2017
48459,TX,4420,"LONGVIEW-MARSHALL, TX",2017
48469,TX,8750,"VICTORIA, TX",2017
48473,TX,3360,"HOUSTON, TX",2017
48479,TX,4080,"LAREDO, TX",2017
48485,TX,9080,"WICHITA FALLS, TX",2017
48491,TX,0640,"AUSTIN-SAN MARCOS, TX",2017
48493,TX,7240,"SAN ANTONIO, TX",2017
49011,UT,7160,"SALT LAKE CITY-OGDEN, UT",2017
49025,UT,2620,"FLAGSTAFF, ARIZONA-UTAH",2017
49035,UT,7160,"SALT LAKE CITY-OGDEN, UT",2017
49049,UT,6520,"PROVO-OREM, UT",2017
49057,UT,7160,"SALT LAKE CITY-OGDEN, UT",2017
50007,VT,1303,"BURLINGTON, VT",2017
50011,VT,1303,"BURLINGTON, VT",2017
50013,VT,1303,"BURLINGTON, VT",2017
51003,VA,1540,"CHARLOTTESVILLE, VA",2017
51009,VA,4640,"LYNCHBURG, VA",2017
51013,VA,8840,"WASHINGTON, DC-MD-VA-WV",2017
51019,VA,4640,"LYNCHBURG, VA",2017
51023,VA,6800,"ROANOKE, VA",2017
51031,VA,4640,"LYNCHBURG, VA",2017
51036,VA,6760,"RICHMOND-PETERSBURG, VA",2017
51041,VA,6760,"RICHMOND-PETERSBURG, VA",2017
51043,VA,8840,"WASHINGTON, DC-MD-VA-WV",2017
51047,VA,8840,"WASHINGTON, DC-MD-VA-WV",2017
51053,VA,6760,"RICHMOND-PETERSBURG, VA",2017
51059,VA,8840,"WASHINGTON, DC-MD-VA-WV",2017
51061,VA,8840,"WASHINGTON, DC-MD-VA-WV",2017
51065,VA,1540,"CHARLOTTESVILLE, VA",2017
51073,VA,5720,"NORFOLK-VIRGINIA BEACH-NEWPORT NEWS, VA-NC",2017
51075,VA,6760,"RICHMOND-PETERSBURG, VA",2017
51079,VA,1540,"CHARLOTTESVILLE, VA",2017
51085,VA,6760,"RICHMOND-PETERSBURG, VA",2017
51087,VA,6760,"RICHMOND-PETERSBURG, VA",2017
51093,VA,5720,"NORFOLK-VIRGINIA BEACH-NEWPORT NEWS, VA-NC",2017
51095,VA,5720,"NORFOLK-VIRGINIA BEACH-NEWPORT NEWS, VA-NC",2017
51099,VA,8840,"WASHINGTON, DC-MD-VA-WV",2017
51107,VA,8840,"WASHINGTON, DC-MD-VA-WV",2017
51115,VA,5720,"NORFOLK-VIRGINIA BEACH-NEWPORT NEWS, VA-NC",2017
51127,VA,6760,"RICHMOND-PETERSBURG, VA",2017
51143,VA,1950,"DANVILLE, VA",2017
51145,VA,6760,"RICHMOND-PETERSBURG, VA",2017
51149,VA,6760,"RICHMOND-PETERSBURG, VA",2017
51153,VA,8840,"WASHINGTON, DC-MD-VA-WV",2017
51161,VA,6800,"ROANOKE, VA",2017
51169,VA,3660,"JOHNSON CITY-KINGSPORT-BRISTOL, TN-VA",2017
51177,VA,8840,"WASHINGTON, DC-MD-VA-WV",2017
51179,VA,8840,"WASHINGTON, DC-MD-VA-WV",2017
51187,VA,8840,"WASHINGTON, DC-MD-VA-WV",2017
51191,VA,3660,"JOHNSON CITY-KINGSPORT-BRISTOL, TN-VA",2017
51199,VA,5720,"NORFOLK-VIRGINIA BEACH-NEWPORT NEWS, VA-NC",2017
51510,VA,8840,"WASHINGTON, DC-MD-VA-WV",2017
51520,VA,3660,"JOHNSON CITY-KINGSPORT-BRISTOL, TN-VA",2017
51540,VA,1540,"CHARLOTTESVILLE, VA",2017
51550,VA,5720,"NORFOLK-VIRGINIA BEACH-NEWPORT NEWS, VA-NC",2017
51570,VA,6760,"RICHMOND-PETERSBURG, VA",2017
51590,VA,1950,"DANVILLE, VA",2017
51600,VA,8840,"WASHINGTON, DC-MD-VA-WV",2017
51610,VA,8840,"WASHINGTON, DC-MD-VA-WV",2017
51630,VA,8840,"WASHINGTON, DC-MD-VA-WV",2017
51650,VA,5720,"NORFOLK-VIRGINIA BEACH-NEWPORT NEWS, VA-NC",2017
51670,VA,6760,"RICHMOND-PETERSBURG, VA",2017
51680,VA,4640,"LYNCHBURG, VA",2017
51683,VA,8840,"WASHINGTON, DC-MD-VA-WV",2017
51685,VA,8840,"WASHINGTON, DC-MD-VA-WV",2017
51700,VA,5720,"NORFOLK-VIRGINIA BEACH-NEWPORT NEWS, VA-NC",2017
51710,VA,5720,"NORFOLK-VIRGINIA BEACH-NEWPORT NEWS, VA-NC",2017
51730,VA,6760,"RICHMOND-PETERSBURG, VA",2017
51735,VA,5720,"NORFOLK-VIRGINIA BEACH-NEWPORT NEWS, VA-NC",2017
51740,VA,5720,"NORFOLK-VIRGINIA BEACH-NEWPORT NEWS, VA-NC",2017
51760,VA,6760,"RICHMOND-PETERSBURG, VA",2017
51770,VA,6800,"ROANOKE, VA",2017
51775,VA,6800,"ROANOKE, VA",2017
51800,VA,5720,"NORFOLK-VIRGINIA BEACH-NEWPORT NEWS, VA-NC",2017
51810,VA,5720,"NORFOLK-VIRGINIA BEACH-NEWPORT NEWS, VA-NC",2017
51830,VA,5720,"NORFOLK-VIRGINIA BEACH-NEWPORT NEWS, VA-NC",2017
53005,WA,6740,"RICHLAND-KENNEWICK-PASCO, WA",2017
53011,WA,6440,"PORTLAND-VANCOUVER,OR-WA",2017
53021,WA,6740,"RICHLAND-KENNEWICK-PASCO, WA",2017
53029,WA,7600,"SEATTLE-BELLEVUE-EVERETT, WA",2017
53033,WA,7600,"SEATTLE-BELLEVUE-EVERETT, WA",2017
53035,WA,1150,"BREMERTON, WA",2017
53053,WA,8200,"TACOMA, WA",2017
53061,WA,7600,"SEATTLE-BELLEVUE-EVERETT, WA",2017
53063,WA,7840,"SPOKANE, WA",2017
53067,WA,5910,"OLYMPIA, WA",2017
53073,WA,0860,"BELLINGHAM, WA",2017
53077,WA,9260,"YAKIMA, WA",2017
54003,WV,8840,"WASHINGTON, DC-MD-VA-WV",2017
54009,WV,8080,"STEUBENVILLE-WEIRTON, OH-WV",2017
54011,WV,3400,"HUNTINGTON-ASHLAND, WV-KY-OH",2017
54029,WV,8080,"STEUBENVILLE-WEIRTON, OH-WV",2017
54037,WV,8840,"WASHINGTON, DC-MD-VA-WV",2017
54039,WV,1480,"CHARLESTON, WV",2017
54051,WV,9000,"WHEELING, WV-OH",2017
54057,WV,1900,"CUMBERLAND, MD-WV",2017
54069,WV,9000,"WHEELING, WV-OH",2017
54079,WV,1480,"CHARLESTON, WV",2017
54099,WV,3400,"HUNTINGTON-ASHLAND, WV-KY-OH",2017
54107,WV,6020,"PARKERSBURG-MARIETTA, WV-OH",2017
55009,WI,3080,"GREEN BAY, WI",2017
55015,WI,0460,"APPLETON-OSHKOSH-NEENAH, WI",2017
55017,WI,2290,"EAU CLAIRE, WI",2017
55025,WI,4720,"MADISON, WI",2017
55031,WI,2240,"DULUTH-SUPERIOR, MN-WI",2017
55035,WI,2290,"EAU CLAIRE, WI",2017
55059,WI,3800,"KENOSHA, WI",2017
55063,WI,3870,"LA CROSSE, WI-MN",2017
55073,WI,8940,"WAUSAU, WI",2017
55079,WI,5080,"MILWAUKEE-WAUKESHA, WI",2017
55087,WI,0460,"APPLETON-OSHKOSH-NEENAH, WI",2017
55089,WI,5080,"MILWAUKEE-WAUKESHA, WI",2017
55093,WI,5120,"MINNEAPOLIS-ST. PAUL, MN-WI",2017
55101,WI,6600,"RACINE, WI",2017
55105,WI,3620,"JANESVILLE-BELOIT, WI",2017
55109,WI,5120,"MINNEAPOLIS-ST. PAUL, MN-WI",2017
55117,WI,7620,"SHEBOYGAN, WI",2017
55131,WI,5080,"MILWAUKEE-WAUKESHA, WI",2017
55133,WI,5080,"MILWAUKEE-WAUKESHA, WI",2017
55139,WI,0460,"APPLETON-OSHKOSH-NEENAH, WI",2017
56021,WY,1580,"CHEYENNE, WY",2017
56025,WY,1350,"CASPER, WY",2017
